PhageID,PhamID
Bouchard,183
Bouchard,183
Bouchard,699
Bouchard,700
Bouchard,701
Bouchard,707
Bouchard,708
Bouchard,711
Bouchard,712
Bouchard,714
Bouchard,716
Bouchard,1025
Bouchard,1073
Bouchard,1982
Bouchard,2088
Bouchard,2737
Bouchard,2870
Bouchard,2982
Bouchard,3328
Bouchard,4931
Bouchard,8604
Bouchard,9155
Bouchard,9656
Bouchard,14673
Bouchard,84731
Bouchard,84731
Bouchard,85027
Bouchard,85042
Bouchard,85043
Bouchard,85747
Bouchard,86901
Bouchard,90325
Bouchard,174562
Bouchard,197626
Bouchard,238490
Bouchard,272179
Bouchard,274428
Bouchard,282983
Bouchard,289053
Bouchard,306094
Bouchard,307996
Bouchard,307997
Bouchard,308025
Bouchard,308150
Bouchard,308152
Bouchard,308591
Bouchard,308842
Bouchard,308871
Bouchard,309124
Bouchard,317872
Bouchard,325214
Bouchard,327307
Bouchard,328637
Bouchard,330837
Bouchard,331058
Bouchard,332452
Bouchard,334593
Bouchard,334752
Bouchard,334886
Bouchard,335353
Bouchard,336168
Bouchard,336248
Bouchard,336248
Bouchard,336327
Bouchard,336332
Bouchard,336333
Bouchard,336335
Bouchard,336338
Bouchard,336375
Bouchard,336413
Bouchard,336436
Bouchard,336465
Bouchard,336467
Bouchard,336467
Bouchard,336548
Bouchard,336561
Bouchard,336569
Bouchard,336647
Bouchard,336672
Bouchard,336691
Bouchard,336713
Bouchard,336719
Bouchard,336746
Bouchard,336808
Bouchard,336809
Bouchard,336849
Bouchard,336926
Bouchard,336935
Bouchard,336941
Bouchard,337160
Bouchard,337206
Chlochlo,183
Chlochlo,183
Chlochlo,699
Chlochlo,700
Chlochlo,701
Chlochlo,707
Chlochlo,708
Chlochlo,711
Chlochlo,712
Chlochlo,714
Chlochlo,716
Chlochlo,1025
Chlochlo,1073
Chlochlo,1982
Chlochlo,2088
Chlochlo,2737
Chlochlo,2870
Chlochlo,2982
Chlochlo,3328
Chlochlo,3802
Chlochlo,4931
Chlochlo,6235
Chlochlo,8604
Chlochlo,9155
Chlochlo,9656
Chlochlo,14673
Chlochlo,30403
Chlochlo,84731
Chlochlo,84731
Chlochlo,85027
Chlochlo,85042
Chlochlo,85043
Chlochlo,85747
Chlochlo,91569
Chlochlo,174562
Chlochlo,197626
Chlochlo,238490
Chlochlo,274428
Chlochlo,289053
Chlochlo,294092
Chlochlo,306094
Chlochlo,307996
Chlochlo,307997
Chlochlo,308025
Chlochlo,308150
Chlochlo,308152
Chlochlo,308591
Chlochlo,308842
Chlochlo,308871
Chlochlo,309124
Chlochlo,309879
Chlochlo,317872
Chlochlo,325214
Chlochlo,327307
Chlochlo,328637
Chlochlo,330837
Chlochlo,331058
Chlochlo,332452
Chlochlo,333751
Chlochlo,334593
Chlochlo,334752
Chlochlo,334886
Chlochlo,335353
Chlochlo,335580
Chlochlo,336168
Chlochlo,336248
Chlochlo,336248
Chlochlo,336327
Chlochlo,336332
Chlochlo,336333
Chlochlo,336335
Chlochlo,336338
Chlochlo,336375
Chlochlo,336413
Chlochlo,336436
Chlochlo,336465
Chlochlo,336467
Chlochlo,336467
Chlochlo,336548
Chlochlo,336561
Chlochlo,336569
Chlochlo,336647
Chlochlo,336672
Chlochlo,336691
Chlochlo,336713
Chlochlo,336719
Chlochlo,336746
Chlochlo,336808
Chlochlo,336809
Chlochlo,336849
Chlochlo,336926
Chlochlo,336935
Chlochlo,336941
Chlochlo,337407
Giantsbane,183
Giantsbane,183
Giantsbane,699
Giantsbane,700
Giantsbane,701
Giantsbane,707
Giantsbane,708
Giantsbane,711
Giantsbane,712
Giantsbane,714
Giantsbane,716
Giantsbane,1025
Giantsbane,1073
Giantsbane,1982
Giantsbane,2088
Giantsbane,2737
Giantsbane,2870
Giantsbane,2982
Giantsbane,3328
Giantsbane,4771
Giantsbane,4931
Giantsbane,6235
Giantsbane,7959
Giantsbane,8304
Giantsbane,9656
Giantsbane,28718
Giantsbane,30403
Giantsbane,84731
Giantsbane,84731
Giantsbane,85027
Giantsbane,85042
Giantsbane,85043
Giantsbane,85747
Giantsbane,86901
Giantsbane,92494
Giantsbane,93131
Giantsbane,174562
Giantsbane,238490
Giantsbane,289053
Giantsbane,298983
Giantsbane,306094
Giantsbane,307996
Giantsbane,307997
Giantsbane,308025
Giantsbane,308150
Giantsbane,308152
Giantsbane,308591
Giantsbane,308842
Giantsbane,308871
Giantsbane,309035
Giantsbane,309124
Giantsbane,309879
Giantsbane,310634
Giantsbane,317872
Giantsbane,327307
Giantsbane,328637
Giantsbane,330837
Giantsbane,331058
Giantsbane,332452
Giantsbane,332974
Giantsbane,334593
Giantsbane,334855
Giantsbane,334886
Giantsbane,335034
Giantsbane,335245
Giantsbane,335580
Giantsbane,336168
Giantsbane,336248
Giantsbane,336248
Giantsbane,336327
Giantsbane,336332
Giantsbane,336333
Giantsbane,336335
Giantsbane,336338
Giantsbane,336375
Giantsbane,336413
Giantsbane,336436
Giantsbane,336465
Giantsbane,336468
Giantsbane,336548
Giantsbane,336561
Giantsbane,336569
Giantsbane,336647
Giantsbane,336672
Giantsbane,336691
Giantsbane,336713
Giantsbane,336719
Giantsbane,336746
Giantsbane,336808
Giantsbane,336809
Giantsbane,336849
Giantsbane,336935
Giantsbane,337066
Giantsbane,337129
LilHuddy,183
LilHuddy,183
LilHuddy,699
LilHuddy,700
LilHuddy,701
LilHuddy,707
LilHuddy,708
LilHuddy,711
LilHuddy,712
LilHuddy,714
LilHuddy,716
LilHuddy,1025
LilHuddy,1073
LilHuddy,1982
LilHuddy,2088
LilHuddy,2737
LilHuddy,2870
LilHuddy,2982
LilHuddy,3328
LilHuddy,4931
LilHuddy,8604
LilHuddy,9656
LilHuddy,84731
LilHuddy,84731
LilHuddy,85027
LilHuddy,85042
LilHuddy,85043
LilHuddy,85747
LilHuddy,86901
LilHuddy,90325
LilHuddy,110521
LilHuddy,174562
LilHuddy,238490
LilHuddy,274428
LilHuddy,289053
LilHuddy,306094
LilHuddy,307996
LilHuddy,307997
LilHuddy,308025
LilHuddy,308150
LilHuddy,308152
LilHuddy,308591
LilHuddy,308842
LilHuddy,308871
LilHuddy,309124
LilHuddy,309879
LilHuddy,317872
LilHuddy,325214
LilHuddy,325608
LilHuddy,327307
LilHuddy,327605
LilHuddy,328637
LilHuddy,330837
LilHuddy,331005
LilHuddy,331058
LilHuddy,332452
LilHuddy,334593
LilHuddy,334752
LilHuddy,334855
LilHuddy,334886
LilHuddy,335034
LilHuddy,335245
LilHuddy,336168
LilHuddy,336248
LilHuddy,336248
LilHuddy,336327
LilHuddy,336332
LilHuddy,336333
LilHuddy,336335
LilHuddy,336338
LilHuddy,336375
LilHuddy,336413
LilHuddy,336436
LilHuddy,336465
LilHuddy,336467
LilHuddy,336467
LilHuddy,336548
LilHuddy,336561
LilHuddy,336569
LilHuddy,336647
LilHuddy,336672
LilHuddy,336691
LilHuddy,336713
LilHuddy,336719
LilHuddy,336746
LilHuddy,336808
LilHuddy,336809
LilHuddy,336849
LilHuddy,336935
LilHuddy,336941
LilHuddy,337129
LilHuddy,337206
Phaby,183
Phaby,183
Phaby,699
Phaby,700
Phaby,701
Phaby,707
Phaby,708
Phaby,711
Phaby,712
Phaby,714
Phaby,716
Phaby,1025
Phaby,1073
Phaby,1982
Phaby,2088
Phaby,2737
Phaby,2870
Phaby,2982
Phaby,3328
Phaby,4931
Phaby,6235
Phaby,8604
Phaby,9155
Phaby,9656
Phaby,84731
Phaby,84731
Phaby,85027
Phaby,85042
Phaby,85043
Phaby,85747
Phaby,86901
Phaby,90325
Phaby,174562
Phaby,197626
Phaby,238490
Phaby,274428
Phaby,289053
Phaby,294661
Phaby,306094
Phaby,307996
Phaby,307997
Phaby,308025
Phaby,308150
Phaby,308152
Phaby,308591
Phaby,308842
Phaby,308871
Phaby,309124
Phaby,309879
Phaby,317872
Phaby,325214
Phaby,327307
Phaby,328637
Phaby,330837
Phaby,331005
Phaby,331058
Phaby,332452
Phaby,334593
Phaby,334752
Phaby,334886
Phaby,335353
Phaby,336168
Phaby,336248
Phaby,336248
Phaby,336327
Phaby,336332
Phaby,336333
Phaby,336335
Phaby,336338
Phaby,336375
Phaby,336413
Phaby,336436
Phaby,336465
Phaby,336467
Phaby,336467
Phaby,336548
Phaby,336561
Phaby,336569
Phaby,336647
Phaby,336672
Phaby,336691
Phaby,336713
Phaby,336719
Phaby,336746
Phaby,336775
Phaby,336808
Phaby,336849
Phaby,336926
Phaby,336935
Phaby,336941
Phaby,337160
Phaby,337206
Shepard,183
Shepard,183
Shepard,699
Shepard,700
Shepard,701
Shepard,707
Shepard,708
Shepard,711
Shepard,712
Shepard,714
Shepard,716
Shepard,1025
Shepard,1073
Shepard,1982
Shepard,2088
Shepard,2737
Shepard,2870
Shepard,2982
Shepard,3328
Shepard,6235
Shepard,8604
Shepard,9155
Shepard,9656
Shepard,31646
Shepard,84731
Shepard,84731
Shepard,85027
Shepard,85042
Shepard,85043
Shepard,85747
Shepard,86901
Shepard,88345
Shepard,89864
Shepard,90325
Shepard,91485
Shepard,91569
Shepard,174562
Shepard,238490
Shepard,274428
Shepard,289053
Shepard,306094
Shepard,307996
Shepard,307997
Shepard,308025
Shepard,308150
Shepard,308152
Shepard,308591
Shepard,308842
Shepard,308871
Shepard,309124
Shepard,317872
Shepard,325214
Shepard,327307
Shepard,328637
Shepard,331058
Shepard,332452
Shepard,334593
Shepard,334752
Shepard,334855
Shepard,334886
Shepard,335034
Shepard,335353
Shepard,335580
Shepard,336168
Shepard,336248
Shepard,336248
Shepard,336327
Shepard,336332
Shepard,336333
Shepard,336335
Shepard,336338
Shepard,336375
Shepard,336413
Shepard,336436
Shepard,336465
Shepard,336467
Shepard,336467
Shepard,336548
Shepard,336561
Shepard,336569
Shepard,336647
Shepard,336672
Shepard,336691
Shepard,336713
Shepard,336719
Shepard,336746
Shepard,336808
Shepard,336809
Shepard,336849
Shepard,336935
Shepard,336941
Shepard,337129
Tipton,183
Tipton,183
Tipton,699
Tipton,700
Tipton,701
Tipton,707
Tipton,708
Tipton,711
Tipton,712
Tipton,714
Tipton,716
Tipton,1025
Tipton,1073
Tipton,1982
Tipton,2088
Tipton,2737
Tipton,2982
Tipton,3328
Tipton,3802
Tipton,4931
Tipton,6235
Tipton,8604
Tipton,9155
Tipton,9656
Tipton,14673
Tipton,30403
Tipton,84731
Tipton,84731
Tipton,85027
Tipton,85042
Tipton,85043
Tipton,85747
Tipton,90325
Tipton,174562
Tipton,197626
Tipton,238490
Tipton,274428
Tipton,289053
Tipton,306094
Tipton,307996
Tipton,307997
Tipton,308025
Tipton,308150
Tipton,308152
Tipton,308591
Tipton,308842
Tipton,308871
Tipton,309124
Tipton,309879
Tipton,317872
Tipton,325214
Tipton,327307
Tipton,328637
Tipton,330837
Tipton,331058
Tipton,332452
Tipton,332974
Tipton,333087
Tipton,334593
Tipton,334752
Tipton,334886
Tipton,335034
Tipton,335353
Tipton,336168
Tipton,336248
Tipton,336248
Tipton,336327
Tipton,336332
Tipton,336333
Tipton,336335
Tipton,336338
Tipton,336375
Tipton,336413
Tipton,336436
Tipton,336465
Tipton,336467
Tipton,336467
Tipton,336548
Tipton,336561
Tipton,336569
Tipton,336647
Tipton,336672
Tipton,336691
Tipton,336713
Tipton,336719
Tipton,336746
Tipton,336808
Tipton,336809
Tipton,336849
Tipton,336926
Tipton,336935
Tipton,336941
Tipton,337160
Tipton,337407
Tokki,183
Tokki,183
Tokki,699
Tokki,700
Tokki,701
Tokki,707
Tokki,708
Tokki,711
Tokki,712
Tokki,714
Tokki,716
Tokki,1025
Tokki,1073
Tokki,1982
Tokki,2088
Tokki,2737
Tokki,2870
Tokki,2982
Tokki,3328
Tokki,4931
Tokki,6235
Tokki,7959
Tokki,9155
Tokki,9656
Tokki,14673
Tokki,84731
Tokki,84731
Tokki,85027
Tokki,85042
Tokki,85043
Tokki,85747
Tokki,89864
Tokki,106887
Tokki,109970
Tokki,113764
Tokki,174562
Tokki,238490
Tokki,274428
Tokki,289053
Tokki,306094
Tokki,307996
Tokki,307997
Tokki,308025
Tokki,308150
Tokki,308152
Tokki,308591
Tokki,308842
Tokki,308871
Tokki,309124
Tokki,317872
Tokki,325214
Tokki,327307
Tokki,328637
Tokki,330837
Tokki,331005
Tokki,331058
Tokki,332452
Tokki,332974
Tokki,333087
Tokki,334593
Tokki,334752
Tokki,334855
Tokki,334886
Tokki,335353
Tokki,335580
Tokki,336168
Tokki,336248
Tokki,336248
Tokki,336327
Tokki,336332
Tokki,336333
Tokki,336335
Tokki,336338
Tokki,336375
Tokki,336413
Tokki,336436
Tokki,336465
Tokki,336467
Tokki,336467
Tokki,336548
Tokki,336561
Tokki,336569
Tokki,336647
Tokki,336672
Tokki,336691
Tokki,336713
Tokki,336719
Tokki,336746
Tokki,336775
Tokki,336808
Tokki,336849
Tokki,336926
Tokki,336935
Tokki,336941
Tokki,337066
Tokki,337160
Tokki,337297
Tokki,337407
